member,audio_file,augmentation,mfcc_mean_0,mfcc_mean_1,mfcc_mean_2,mfcc_mean_3,mfcc_mean_4,mfcc_mean_5,mfcc_mean_6,mfcc_mean_7,mfcc_mean_8,mfcc_mean_9,mfcc_mean_10,mfcc_mean_11,mfcc_mean_12,mfcc_std_0,mfcc_std_1,mfcc_std_2,mfcc_std_3,mfcc_std_4,mfcc_std_5,mfcc_std_6,mfcc_std_7,mfcc_std_8,mfcc_std_9,mfcc_std_10,mfcc_std_11,mfcc_std_12,mfcc_min_0,mfcc_min_1,mfcc_min_2,mfcc_min_3,mfcc_min_4,mfcc_min_5,mfcc_min_6,mfcc_min_7,mfcc_min_8,mfcc_min_9,mfcc_min_10,mfcc_min_11,mfcc_min_12,mfcc_max_0,mfcc_max_1,mfcc_max_2,mfcc_max_3,mfcc_max_4,mfcc_max_5,mfcc_max_6,mfcc_max_7,mfcc_max_8,mfcc_max_9,mfcc_max_10,mfcc_max_11,mfcc_max_12,spectral_rolloff_mean_0,spectral_rolloff_std_0,spectral_rolloff_min_0,spectral_rolloff_max_0,energy_mean_0,energy_std_0,energy_min_0,energy_max_0,zero_crossing_rate_mean_0,zero_crossing_rate_std_0,zero_crossing_rate_min_0,zero_crossing_rate_max_0,spectral_centroid_mean_0,spectral_centroid_std_0,spectral_centroid_min_0,spectral_centroid_max_0,spectral_bandwidth_mean_0,spectral_bandwidth_std_0,spectral_bandwidth_min_0,spectral_bandwidth_max_0,chroma_mean_0,chroma_mean_1,chroma_mean_2,chroma_mean_3,chroma_mean_4,chroma_mean_5,chroma_mean_6,chroma_mean_7,chroma_mean_8,chroma_mean_9,chroma_mean_10,chroma_mean_11,chroma_std_0,chroma_std_1,chroma_std_2,chroma_std_3,chroma_std_4,chroma_std_5,chroma_std_6,chroma_std_7,chroma_std_8,chroma_std_9,chroma_std_10,chroma_std_11,chroma_min_0,chroma_min_1,chroma_min_2,chroma_min_3,chroma_min_4,chroma_min_5,chroma_min_6,chroma_min_7,chroma_min_8,chroma_min_9,chroma_min_10,chroma_min_11,chroma_max_0,chroma_max_1,chroma_max_2,chroma_max_3,chroma_max_4,chroma_max_5,chroma_max_6,chroma_max_7,chroma_max_8,chroma_max_9,chroma_max_10,chroma_max_11,duration,sample_rate
damour,audio_da1,original,-472.7903137207031,117.52068328857422,35.1114501953125,13.942045211791992,4.573158264160156,1.8088715076446533,-5.69497537612915,-3.779649496078491,-5.668363571166992,-4.638812065124512,-4.749837398529053,-2.1304893493652344,-2.9991464614868164,108.08719635009766,45.78510665893555,22.992155075073242,17.4754638671875,13.078478813171387,11.333427429199219,13.21412467956543,8.208237648010254,9.479460716247559,5.784498691558838,10.040757179260254,8.9808931350708,6.552088260650635,-655.7279052734375,0.0,-55.44044876098633,-20.26555061340332,-37.71539306640625,-39.363407135009766,-45.94322204589844,-28.294841766357422,-40.526580810546875,-18.14762306213379,-39.3647575378418,-27.619834899902344,-24.863794326782227,-223.28469848632812,223.66366577148438,80.76953887939453,76.50936126708984,32.75491714477539,22.881793975830078,15.946040153503418,11.708282470703125,8.370307922363281,6.935271263122559,10.568031311035156,17.69368553161621,6.837210655212402,3598.505859375,2220.3174712026785,516.796875,9528.4423828125,0.014573466964066029,0.023303387686610222,1.5170863662206102e-05,0.10273995250463486,0.05575706845238095,0.03791217415461916,0.0,0.21044921875,1632.0472253636613,900.1381524911249,526.6799449552249,5030.98186122013,2247.478974937895,700.7397233544366,846.7525594152326,3856.924203317197,0.4747851490974426,0.4726167619228363,0.4365117847919464,0.404354065656662,0.36581626534461975,0.36963891983032227,0.5001266598701477,0.557125985622406,0.46164873242378235,0.4522368311882019,0.5028294920921326,0.48963233828544617,0.3211008608341217,0.31818002462387085,0.3050958514213562,0.32482659816741943,0.29193374514579773,0.25969356298446655,0.30068710446357727,0.3679097294807434,0.300667941570282,0.32611435651779175,0.3149435818195343,0.27060070633888245,0.009984420612454414,0.013279427774250507,0.0041454024612903595,0.008583871647715569,0.006601986475288868,0.013093888759613037,0.007977943867444992,0.013256720267236233,0.012670516036450863,0.022587940096855164,0.006957941688597202,0.00930220726877451,1.0,1.0,1.0,1.0,1.0,1.0,1.0,1.0,1.0,1.0,1.0,1.0,2.432018140589569,22050.0
damour,audio_da1,pitch_shift_up,-500.3559265136719,119.92871856689453,30.294065475463867,9.936376571655273,3.1098804473876953,-1.011333703994751,-7.735586166381836,-4.726770401000977,-6.62194299697876,-5.112933158874512,-3.6891868114471436,-1.3470138311386108,-1.111694574356079,111.0973129272461,43.3549690246582,21.816936492919922,18.859580993652344,12.797857284545898,13.870535850524902,13.64770221710205,8.078389167785645,7.508301734924316,7.340070724487305,11.384479522705078,5.842284679412842,4.985690116882324,-692.5621948242188,2.3110477924346924,-43.082767486572266,-22.76085090637207,-35.666961669921875,-52.46147918701172,-41.92393112182617,-28.150226593017578,-31.21387481689453,-23.924880981445312,-44.641021728515625,-16.293682098388672,-12.333581924438477,-239.2899169921875,223.86029052734375,74.50032043457031,68.50108337402344,29.468555450439453,20.581520080566406,14.775806427001953,14.635839462280273,5.588253021240234,10.386943817138672,13.002553939819336,12.903255462646484,10.368524551391602,3478.125,2133.2130548972186,613.6962890625,9097.7783203125,0.010265429504215717,0.01608731970191002,0.00012788872118107975,0.07374462485313416,0.05422247023809524,0.0386373805332819,0.0,0.1708984375,1594.6405475403249,802.1876271113882,592.8384503590312,4394.112978367022,2219.8231636729174,676.9729012726765,904.8750455880541,3867.139147443142,0.4470665752887726,0.4739327132701874,0.4434660077095032,0.4795878231525421,0.3797423839569092,0.34096062183380127,0.3427557051181793,0.33433032035827637,0.4489935636520386,0.5415956974029541,0.48202502727508545,0.42229506373405457,0.3081117570400238,0.26881861686706543,0.30286329984664917,0.3455936908721924,0.27425774931907654,0.2897876799106598,0.2922741174697876,0.2478664517402649,0.2909829616546631,0.3663276135921478,0.31898239254951477,0.32752782106399536,0.008091287687420845,0.013425934128463268,0.01185075007379055,0.008782519027590752,0.008378894068300724,0.010539247654378414,0.010075148195028305,0.015885550528764725,0.011457723565399647,0.013548131100833416,0.017437171190977097,0.011168481782078743,1.0,1.0,1.0,1.0,1.0,1.0,1.0,1.0,1.0,1.0,1.0,1.0,2.432018140589569,22050.0
damour,audio_da1,pitch_shift_down,-514.5646362304688,121.79217529296875,34.43162155151367,20.549638748168945,4.346860408782959,8.419610023498535,-5.534846305847168,-0.23081612586975098,-6.350398540496826,-1.9746949672698975,-7.879247665405273,-1.2240140438079834,-5.721665382385254,106.68666076660156,45.30237579345703,19.988021850585938,14.816311836242676,14.621599197387695,11.241694450378418,15.067558288574219,7.050727844238281,13.490483283996582,4.861110210418701,8.231612205505371,11.023624420166016,10.47906494140625,-704.47998046875,0.0,-36.472686767578125,-5.215948104858398,-25.386306762695312,-17.164691925048828,-46.26480484008789,-14.97236442565918,-47.8184928894043,-10.758455276489258,-27.742462158203125,-34.75670623779297,-33.305213928222656,-259.9982604980469,221.52377319335938,80.95724487304688,73.50517272949219,32.48615264892578,40.640846252441406,18.254684448242188,13.84472370147705,10.96221923828125,12.246484756469727,6.5225067138671875,15.984259605407715,13.507833480834961,3026.6455078125,1961.4019565539843,462.9638671875,8430.2490234375,0.009699162095785141,0.01523516420274973,1.6083216905826703e-05,0.07275013625621796,0.05213448660714286,0.04980975958316744,0.0009765625,0.26513671875,1393.5835726802839,792.3575922540388,470.2262563050172,4595.055887701821,1957.9339469668948,605.916635992133,809.6788030880897,3387.1288003965897,0.43901327252388,0.401003360748291,0.36529794335365295,0.34865739941596985,0.4456615149974823,0.5080756545066833,0.43862369656562805,0.43761858344078064,0.5186010599136353,0.5221648216247559,0.4392625689506531,0.4705732762813568,0.2997998595237732,0.3004017472267151,0.28740194439888,0.25848570466041565,0.29505324363708496,0.35812515020370483,0.30856946110725403,0.3286224901676178,0.31844377517700195,0.2752414643764496,0.2707246243953705,0.3296250104904175,0.006247153505682945,0.008078617975115776,0.015398618765175343,0.00984939094632864,0.005343383178114891,0.006615612655878067,0.006439674645662308,0.017756378278136253,0.02309420146048069,0.02184882201254368,0.03105349652469158,0.009166576899588108,1.0,1.0,1.0,1.0,1.0,1.0,1.0,1.0,1.0,1.0,1.0,1.0,2.432018140589569,22050.0
damour,audio_da2,original,-452.49114990234375,124.39875793457031,19.745742797851562,8.620333671569824,-6.135909557342529,4.615840435028076,-5.763837814331055,-0.462444931268692,-1.7098195552825928,-3.044581651687622,-1.1179523468017578,1.8668516874313354,0.19097298383712769,112.93135833740234,57.44834899902344,21.948699951171875,20.999958038330078,15.867671966552734,14.124165534973145,12.855201721191406,9.833685874938965,9.288378715515137,7.2622575759887695,7.145379066467285,5.388333797454834,7.221461772918701,-678.8031005859375,0.0,-31.4241943359375,-39.327796936035156,-46.92250061035156,-37.58296585083008,-48.65874099731445,-32.07645797729492,-28.240840911865234,-24.759483337402344,-23.394344329833984,-11.37308120727539,-14.980148315429688,-243.46453857421875,228.02610778808594,88.25885009765625,46.37913513183594,15.640350341796875,32.26688003540039,14.771605491638184,14.665061950683594,21.460777282714844,10.525299072265625,14.898690223693848,18.74969482421875,15.156668663024902,3873.40838231078,2310.714601848197,699.8291015625,8010.3515625,0.019879629835486412,0.024526769295334816,3.772755690079066e-06,0.09839963912963867,0.06695276662844037,0.03386599920892847,0.0009765625,0.18798828125,1754.1394469284344,861.4561583918285,565.7829731906317,3840.6631335303855,2159.166472694287,802.1502635901969,843.6281412253844,3446.2996907386387,0.5922088623046875,0.5228126049041748,0.4051867723464966,0.4021434187889099,0.40509387850761414,0.3892136216163635,0.37286219000816345,0.3939092457294464,0.47403451800346375,0.4400733411312103,0.47296664118766785,0.6566513776779175,0.31589990854263306,0.3448241949081421,0.28157463669776917,0.28216618299484253,0.2870839834213257,0.2814609408378601,0.27331414818763733,0.2858487367630005,0.3166161775588989,0.3010057508945465,0.2770605683326721,0.3068805932998657,0.005096821114420891,0.013307818211615086,0.008232821710407734,0.009938961826264858,0.05188886076211929,0.030480502173304558,0.005612997338175774,0.020527465268969536,0.00997030921280384,0.0035212254151701927,0.006168775726109743,0.006552719045430422,1.0,1.0,1.0,1.0,1.0,1.0,1.0,1.0,1.0,1.0,1.0,1.0,2.528027210884354,22050.0
damour,audio_da2,pitch_shift_up,-478.2006530761719,125.97071838378906,15.637497901916504,2.6679251194000244,-5.79016637802124,4.340360641479492,-8.106911659240723,2.4030139446258545,-4.550121307373047,-2.005812168121338,0.74057537317276,1.5336726903915405,-0.07576300203800201,119.87462615966797,51.84534454345703,21.9715633392334,26.037981033325195,16.00718879699707,10.403587341308594,14.193388938903809,9.966943740844727,9.101706504821777,8.826269149780273,7.377455711364746,7.849944591522217,10.927102088928223,-745.3079833984375,7.181511878967285,-44.55400848388672,-51.8408088684082,-48.08795166015625,-25.496763229370117,-47.57110595703125,-28.17218017578125,-25.261531829833984,-20.42675018310547,-21.085132598876953,-17.121902465820312,-21.50420379638672,-270.60736083984375,222.5020294189453,64.03206634521484,45.704139709472656,23.66999053955078,24.050687789916992,14.775907516479492,24.395233154296875,12.225183486938477,16.810108184814453,18.585735321044922,18.9244384765625,19.77001190185547,3744.4067158830276,2230.9943324200704,807.4951171875,7116.7236328125,0.0130630973726511,0.014673535712063313,5.283708014758304e-05,0.058841489255428314,0.0616623064793578,0.0336783927549239,0.001953125,0.177734375,1707.8982278196095,767.2050469669219,632.737769466604,3541.6611216230926,2168.5481408508977,738.6622304849764,888.3144370490439,3177.640168472352,0.5941398739814758,0.6163915991783142,0.5189791917800903,0.4313698410987854,0.4067201614379883,0.40470090508461,0.3556944727897644,0.383497416973114,0.3841927945613861,0.4140767753124237,0.42998167872428894,0.4105488061904907,0.2917940318584442,0.30189505219459534,0.3480779528617859,0.29830169677734375,0.2987648844718933,0.31580182909965515,0.2557241916656494,0.3020102083683014,0.3002474009990692,0.2564491927623749,0.2929731011390686,0.26051849126815796,0.005125477444380522,0.006215841043740511,0.006730782333761454,0.005346055142581463,0.010708293877542019,0.013510523363947868,0.027122637256979942,0.017349332571029663,0.01181475818157196,0.017579738050699234,0.008432620204985142,0.004156668670475483,1.0,1.0,1.0,1.0,1.0,1.0,1.0,1.0,1.0,1.0,1.0,1.0,2.528027210884354,22050.0
damour,audio_da2,pitch_shift_down,-494.04669189453125,133.29052734375,18.735950469970703,20.452850341796875,-12.244540214538574,12.21016788482666,-9.635730743408203,2.9500975608825684,-4.406978607177734,2.807492256164551,-7.488389492034912,4.605679512023926,-4.414357662200928,112.39801025390625,54.884422302246094,20.6734676361084,18.622665405273438,17.863529205322266,16.70732307434082,13.835976600646973,9.388891220092773,10.827340126037598,6.671258449554443,9.018651962280273,8.724607467651367,6.550644874572754,-774.3348999023438,0.0,-16.574581146240234,-24.621597290039062,-48.846343994140625,-25.97952651977539,-42.301856994628906,-21.889259338378906,-33.3603630065918,-11.436990737915039,-31.781749725341797,-12.210369110107422,-21.29878807067871,-307.9612731933594,239.13174438476562,67.80880737304688,55.50868225097656,14.399955749511719,56.489585876464844,16.083648681640625,26.970516204833984,19.339675903320312,22.146827697753906,7.293670177459717,25.830604553222656,9.290663719177246,3184.247106149656,1884.2420002768656,602.9296875,6093.896484375,0.012671587988734245,0.013776540756225586,1.0207161722064484e-05,0.04758037254214287,0.05234016628440367,0.026014207774761,0.001953125,0.13427734375,1447.027160669573,645.7447589048666,479.3785625719489,2884.263091852489,1882.1143566353585,637.7240767454468,738.0958186447149,2711.640993467279,0.4265134930610657,0.44427335262298584,0.4148424565792084,0.39404764771461487,0.3772592842578888,0.36289918422698975,0.44242942333221436,0.4145606458187103,0.3925938010215759,0.5629144310951233,0.5517187118530273,0.5248047113418579,0.29938510060310364,0.3250662088394165,0.30000630021095276,0.2795264422893524,0.2685694396495819,0.26687124371528625,0.31309181451797485,0.29597702622413635,0.23725232481956482,0.30271628499031067,0.29522350430488586,0.3522799611091614,0.010699912905693054,0.011209025047719479,0.0081890057772398,0.010030325502157211,0.011660412885248661,0.022468995302915573,0.007168799638748169,0.004888033028692007,0.0017614414682611823,0.005315886344760656,0.008649029769003391,0.010643057525157928,1.0,1.0,1.0,1.0,1.0,1.0,1.0,1.0,1.0,1.0,1.0,1.0,2.528027210884354,22050.0
denise,audio_de1,original,-406.369140625,97.857421875,27.02170753479004,5.202038764953613,7.89710807800293,2.7629780769348145,3.440164089202881,6.763139247894287,-11.21955394744873,3.08784556388855,1.3088767528533936,-1.866683840751648,1.6689997911453247,114.61893463134766,42.15925979614258,34.559364318847656,25.443204879760742,11.88817310333252,10.89082145690918,15.303704261779785,8.43422794342041,15.065314292907715,9.028700828552246,6.749617576599121,5.925848007202148,7.879840850830078,-596.2088012695312,-8.978538513183594,-68.97277069091797,-51.30187225341797,-36.39850616455078,-36.9725341796875,-54.913299560546875,-23.24091339111328,-48.86228942871094,-26.03023910522461,-17.89440155029297,-21.729461669921875,-28.675792694091797,-139.68096923828125,186.96693420410156,86.27799987792969,63.71101760864258,34.63251876831055,29.792926788330078,29.53746795654297,30.023757934570312,7.630815029144287,27.356689453125,25.422828674316406,11.956035614013672,19.832881927490234,4364.629163240132,2588.3717036816342,1087.4267578125,10249.8046875,0.028653867542743683,0.04569557309150696,1.3846063211531145e-06,0.16125725209712982,0.11115679824561403,0.14573302175930644,0.0302734375,0.73095703125,2194.032954072856,1642.1592938181066,848.1212578110267,7737.568317663899,2358.801088459607,667.1083158683032,1203.3565400993004,4433.846560202785,0.37259483337402344,0.5761059522628784,0.6679874658584595,0.5926329493522644,0.40827175974845886,0.4056090712547302,0.4105788767337799,0.5335569381713867,0.4454282820224762,0.39325958490371704,0.4257354140281677,0.553743302822113,0.2272462248802185,0.3208547532558441,0.38858500123023987,0.31107091903686523,0.23540128767490387,0.2988927364349365,0.30175796151161194,0.34966397285461426,0.2537400722503662,0.2598639130592346,0.23863059282302856,0.34178388118743896,0.006099696736782789,0.003956029657274485,0.0033180508762598038,0.0011366858379915357,0.0019442145712673664,0.0027034515514969826,0.0011792395962402225,0.0006224275566637516,0.0015353095950558782,0.002267720876261592,0.00744153605774045,0.010790223255753517,1.0,1.0,1.0,1.0,1.0,1.0,1.0,1.0,1.0,1.0,1.0,1.0,2.6240362811791385,22050.0
denise,audio_de1,pitch_shift_up,-428.2936096191406,98.11461639404297,21.381155014038086,2.650693893432617,8.67221450805664,1.7246854305267334,4.725713729858398,-1.0297354459762573,-10.212900161743164,7.931875228881836,-3.8149614334106445,1.4469237327575684,0.10217592865228653,115.99803924560547,36.49021530151367,36.91371536254883,26.57686996459961,11.046808242797852,14.562002182006836,10.938254356384277,8.56899356842041,13.231111526489258,9.112516403198242,8.366475105285645,5.403578758239746,9.314233779907227,-620.7745971679688,0.0,-76.19252014160156,-57.33985900878906,-23.09844207763672,-47.95155334472656,-29.178592681884766,-30.707725524902344,-46.43281555175781,-9.029121398925781,-30.40945053100586,-9.073415756225586,-29.044307708740234,-175.2624053955078,189.70257568359375,78.14447021484375,51.285606384277344,36.29881286621094,41.097537994384766,19.020875930786133,15.473583221435547,5.460391044616699,32.73884963989258,10.315229415893555,15.918405532836914,17.373916625976562,4212.196751644737,2474.635058214989,1227.392578125,10260.5712890625,0.020384179428219795,0.03133711218833923,1.0005509466282092e-05,0.1212444081902504,0.10603841145833333,0.13872743823573713,0.0263671875,0.712890625,2107.421326812209,1480.0675510303947,836.7501251003373,7661.476956830893,2358.671442413809,610.6572955571191,1044.876007057724,3931.8959704838026,0.2783040702342987,0.453034371137619,0.2882072925567627,0.3683752715587616,0.6856681704521179,0.44344818592071533,0.2712070345878601,0.276021271944046,0.26030802726745605,0.3656221628189087,0.3340257704257965,0.3175806701183319,0.19725535809993744,0.29417935013771057,0.22738365828990936,0.21004627645015717,0.41880401968955994,0.25933974981307983,0.19992020726203918,0.2191665768623352,0.22609247267246246,0.27186843752861023,0.23660340905189514,0.29307177662849426,0.021821284666657448,0.0157377477735281,0.006431014742702246,0.006245574913918972,0.004692144691944122,0.0010437072487547994,0.0014838363276794553,0.0021165823563933372,0.001762594562023878,0.0004348903021309525,0.0013218012172728777,0.006349967792630196,1.0,1.0,1.0,1.0,1.0,1.0,1.0,0.9138591885566711,1.0,1.0,1.0,1.0,2.6240362811791385,22050.0
denise,audio_de1,pitch_shift_down,-438.5107727050781,103.20135498046875,26.15404510498047,10.510986328125,3.4590840339660645,9.564987182617188,-3.587047815322876,14.725702285766602,-10.905513763427734,-1.340322494506836,1.4588226079940796,1.1268800497055054,-1.8640204668045044,113.89408874511719,41.632720947265625,32.0386962890625,26.001768112182617,16.20406150817871,10.664043426513672,20.75446319580078,8.402161598205566,12.393092155456543,10.401281356811523,8.657856941223145,8.028657913208008,7.905855655670166,-630.48681640625,-1.2597769498825073,-65.33140563964844,-45.94774627685547,-54.16694259643555,-16.86054229736328,-56.5979118347168,0.0,-43.32666015625,-34.917503356933594,-24.0653018951416,-16.516353607177734,-25.201007843017578,-194.5919647216797,196.28335571289062,72.27967834472656,72.47185516357422,22.20524787902832,33.964900970458984,31.180015563964844,37.354820251464844,8.243114471435547,16.202617645263672,18.686540603637695,26.04532241821289,16.640125274658203,3730.1552220394738,2278.164784599467,1012.060546875,9033.1787109375,0.01914347894489765,0.02861633151769638,5.236916877038311e-06,0.11086829751729965,0.0981530975877193,0.13604655186842143,0.0244140625,0.65771484375,1860.8546164373022,1402.0961625056798,715.2735164652877,6709.591322165238,2064.939109111585,584.1195230019832,1018.9464716665334,3840.0870148842114,0.6949359774589539,0.4664655327796936,0.3753902018070221,0.3182639181613922,0.36378633975982666,0.4015728533267975,0.39315474033355713,0.3278634548187256,0.45790478587150574,0.48449841141700745,0.42780381441116333,0.5809595584869385,0.3994429111480713,0.24906662106513977,0.22664989531040192,0.257513165473938,0.28764334321022034,0.2543528974056244,0.28158146142959595,0.22407758235931396,0.28444042801856995,0.3111201822757721,0.22637130320072174,0.3226749300956726,0.004510700237005949,0.002309812232851982,0.0029006940312683582,0.0034973828587681055,0.002738390350714326,0.0009104377240873873,0.00645821588113904,0.005814160220324993,0.024225061759352684,0.012969184666872025,0.018628669902682304,0.008507614955306053,1.0,1.0,1.0,0.9009882807731628,1.0,1.0,1.0,1.0,1.0,1.0,1.0,1.0,2.6240362811791385,22050.0
denise,audio_de2,original,-395.07037353515625,113.67222595214844,13.391804695129395,5.562083721160889,9.040485382080078,0.7423498034477234,-0.0026441558729857206,6.7168707847595215,-12.956157684326172,7.548560619354248,-0.5402505397796631,-5.26627779006958,0.8775992393493652,130.27328491210938,42.982078552246094,33.16630935668945,31.627260208129883,10.56536865234375,7.120656490325928,15.091352462768555,8.049287796020508,11.560178756713867,6.141659259796143,6.775919437408447,7.139021396636963,6.966119289398193,-659.6083374023438,-13.971450805664062,-84.04937744140625,-63.65716552734375,-24.541549682617188,-26.18089485168457,-38.0119514465332,-13.809671401977539,-44.692237854003906,-7.285244941711426,-22.977642059326172,-30.560209274291992,-19.56805419921875,-185.00039672851562,194.52008056640625,89.18011474609375,39.81421661376953,37.35139465332031,17.14983367919922,26.846878051757812,35.35923767089844,6.763707637786865,24.642324447631836,18.804758071899414,9.385187149047852,11.987340927124023,4012.9976712740386,2345.1367117698783,925.927734375,9528.4423828125,0.027970850467681885,0.036935534328222275,1.15394698241289e-06,0.13995124399662018,0.10432108039529915,0.09769255794230064,0.029296875,0.4365234375,1945.986469194427,1185.326956807437,796.1886993702722,6457.231699578708,2295.6027281049414,588.872311058374,1283.9102322536557,3718.1734746309503,0.45425689220428467,0.5813078880310059,0.5473870038986206,0.4064347445964813,0.5362099409103394,0.41896337270736694,0.47686415910720825,0.4908476173877716,0.44111934304237366,0.45978471636772156,0.6141448020935059,0.4217725992202759,0.30941811203956604,0.3792610168457031,0.3460473120212555,0.2669845223426819,0.2768673002719879,0.26148921251296997,0.295023113489151,0.2793889045715332,0.2660997807979584,0.2906937599182129,0.3350760340690613,0.27665120363235474,0.0012052078964188695,0.0024324902333319187,0.0017905918648466468,0.007099626120179892,0.002956937300041318,0.002357426332309842,0.0005511732306331396,0.00032662853482179344,0.000511844817083329,0.001550686894915998,0.00424922863021493,0.003252602182328701,1.0,1.0,1.0,1.0,1.0,1.0,1.0,1.0,1.0,1.0,1.0,1.0,2.709342403628118,22050.0
denise,audio_de2,pitch_shift_up,-416.4229736328125,111.52550506591797,8.839422225952148,0.7949633598327637,8.279281616210938,-2.896329164505005,3.557504415512085,-1.321561574935913,-9.488439559936523,9.653082847595215,-10.23465347290039,-1.9826451539993286,-1.52178156375885,131.1957550048828,35.96999740600586,37.93840408325195,29.911474227905273,10.657299041748047,12.111802101135254,12.179420471191406,6.034778594970703,11.001934051513672,7.653075695037842,9.97793960571289,6.691035270690918,9.678467750549316,-673.4934692382812,-7.174856185913086,-103.7144775390625,-64.22147369384766,-15.152338027954102,-35.58925247192383,-32.921875,-16.36542320251465,-38.974281311035156,-4.146953582763672,-36.938232421875,-24.67759895324707,-34.46744155883789,-200.72804260253906,178.85015869140625,64.95553588867188,34.27499771118164,38.889122009277344,29.056560516357422,19.770217895507812,21.527963638305664,8.912477493286133,26.43033790588379,8.88963508605957,9.490964889526367,13.401662826538086,4050.818810096154,2062.822210970781,1431.9580078125,9765.3076171875,0.020358754321932793,0.027238983660936356,2.4238483092631213e-05,0.09993921965360641,0.09229350293803419,0.08278364631222147,0.02734375,0.3955078125,1917.5812414852312,948.040632139636,1054.2135547383114,5499.832520290471,2338.0114569761863,550.9422063652019,1408.5322543156792,3946.0757558036476,0.3574267625808716,0.383114218711853,0.3061503767967224,0.38769108057022095,0.6052944660186768,0.3883076012134552,0.3196474015712738,0.4182645380496979,0.3254021108150482,0.4056749939918518,0.39209386706352234,0.3491114377975464,0.29395490884780884,0.2501051127910614,0.2432955503463745,0.2795179784297943,0.4083619713783264,0.23874720931053162,0.22145026922225952,0.27112630009651184,0.25118592381477356,0.273513525724411,0.28998151421546936,0.2688846290111542,0.00268925609998405,0.003843217622488737,0.0018249525455757976,0.0011954696383327246,0.0035804323852062225,0.0043389149941504,0.014145789667963982,0.005896321497857571,0.0032247041817754507,0.0011157914996147156,0.000858587387483567,0.0012636053143069148,1.0,1.0,1.0,1.0,1.0,1.0,1.0,1.0,1.0,1.0,1.0,1.0,2.709342403628118,22050.0
denise,audio_de2,pitch_shift_down,-430.2492370605469,121.4254150390625,12.64439582824707,10.87424087524414,1.5390329360961914,10.55978775024414,-10.241279602050781,14.865667343139648,-17.0988712310791,1.708635926246643,2.1285932064056396,-0.8332033157348633,-7.396865367889404,130.793701171875,37.49264907836914,30.942750930786133,31.038280487060547,16.336780548095703,11.161575317382812,20.7607479095459,9.782699584960938,13.605193138122559,7.209362030029297,7.421786785125732,8.731376647949219,10.060912132263184,-698.9293212890625,0.0,-77.62332153320312,-61.22300720214844,-50.313865661621094,-5.24368953704834,-57.762699127197266,-0.6997197866439819,-46.795833587646484,-16.277362823486328,-16.669374465942383,-16.0743408203125,-33.32173156738281,-223.19969177246094,204.89761352539062,59.73209762573242,49.483951568603516,24.51323890686035,45.06032943725586,21.548004150390625,41.691043853759766,2.293638229370117,19.463972091674805,24.61844253540039,25.209583282470703,3.979602813720703,3560.248272235577,1889.4867705269687,1108.9599609375,8257.9833984375,0.01876811496913433,0.0237100962549448,9.8638256531558e-06,0.08345780521631241,0.07316289396367522,0.06304372212217363,0.0224609375,0.33349609375,1648.0313176727059,807.9618692237804,924.5341153494655,4255.5289388699275,2071.7423974154253,500.1452787532231,1204.8447592171033,3446.0632748172843,0.5164898037910461,0.40001872181892395,0.5375102162361145,0.41082605719566345,0.3725722134113312,0.42896053194999695,0.38583406805992126,0.38755396008491516,0.5842562317848206,0.44720786809921265,0.3879447877407074,0.5416135191917419,0.3613351285457611,0.2610744535923004,0.2972983419895172,0.25973013043403625,0.24406521022319794,0.2628456652164459,0.28559595346450806,0.2760421931743622,0.33163323998451233,0.28969505429267883,0.288216769695282,0.39866316318511963,0.0022427071817219257,0.009199155494570732,0.015726979821920395,0.003074692329391837,0.001577017712406814,0.001648840494453907,0.0013873142888769507,0.0026938761584460735,0.005733136553317308,0.005364637356251478,0.002964905695989728,0.003809388028457761,1.0,1.0,1.0,1.0,1.0,1.0,1.0,1.0,1.0,0.9801921248435974,1.0,1.0,2.709342403628118,22050.0
kelia,audio_ke1,original,-391.7923278808594,56.97453689575195,25.033445358276367,11.754788398742676,12.086376190185547,16.620182037353516,5.5315351486206055,-0.9511521458625793,3.8547449111938477,-6.552868366241455,-5.270380973815918,1.1587469577789307,-7.996127605438232,139.11965942382812,56.7043342590332,28.371536254882812,25.222213745117188,12.728487014770508,21.469240188598633,14.485100746154785,16.033645629882812,13.847743034362793,13.364596366882324,12.497902870178223,9.259729385375977,14.372797966003418,-639.0320434570312,-75.21644592285156,-39.04904556274414,-34.45472717285156,-25.350749969482422,-38.21743392944336,-22.583311080932617,-36.49357223510742,-49.033935546875,-34.70613098144531,-39.063621520996094,-25.72040367126465,-43.6065673828125,-174.9862518310547,172.6846466064453,87.57453155517578,80.88267517089844,37.883888244628906,60.465789794921875,54.01828384399414,26.49993133544922,33.59346389770508,28.02244758605957,18.129209518432617,24.820781707763672,14.082383155822754,6135.81305939017,2305.078714505229,1195.0927734375,9689.94140625,0.03343452140688896,0.04105621203780174,1.4534113006448024e-06,0.13012656569480896,0.16452707827669902,0.2090535937041826,0.02197265625,0.79833984375,3275.9038227003853,1939.879474146201,1087.996577359831,8188.4525188679245,2696.2615865878315,485.91095873573084,1808.6212965876969,3605.645390252328,0.44356873631477356,0.5090965628623962,0.554885983467102,0.5137699246406555,0.4368758797645569,0.38044098019599915,0.37713924050331116,0.36867284774780273,0.4024633765220642,0.4249657094478607,0.47021618485450745,0.4739174246788025,0.32891783118247986,0.32944175601005554,0.34827932715415955,0.2819785475730896,0.29332754015922546,0.2965542674064636,0.31359735131263733,0.303907185792923,0.3711656630039215,0.37505316734313965,0.3663407266139984,0.32542532682418823,0.00999785028398037,0.005576125346124172,0.00710165174677968,0.054875943809747696,0.033620405942201614,0.004440725781023502,0.0031929160468280315,0.0016799791483208537,0.0020128609612584114,0.0010340857552364469,0.009716460481286049,0.016140922904014587,1.0,1.0,1.0,1.0,1.0,1.0,1.0,0.9851254224777222,1.0,1.0,1.0,1.0,2.389342403628118,22050.0
kelia,audio_ke1,pitch_shift_up,-417.4649963378906,57.55278015136719,23.339523315429688,9.418396949768066,12.339415550231934,13.961738586425781,-1.3149397373199463,-2.1490073204040527,-0.1604733020067215,-11.593193054199219,2.640388250350952,-5.041038513183594,4.7682414054870605,134.0720672607422,54.22018814086914,29.99154281616211,27.323827743530273,17.91734504699707,16.931697845458984,12.441075325012207,19.09233856201172,12.080020904541016,17.45387077331543,8.790510177612305,11.83281421661377,5.841541290283203,-669.9824829101562,-72.49588012695312,-40.00791931152344,-40.962764739990234,-25.16202163696289,-25.65389633178711,-28.020553588867188,-62.754676818847656,-36.388755798339844,-56.21321105957031,-20.348674774169922,-37.34270477294922,-9.721941947937012,-215.1609649658203,170.1909942626953,85.74530792236328,74.39583587646484,52.831886291503906,49.286720275878906,35.96498107910156,28.12609100341797,24.67352867126465,17.032245635986328,28.652610778808594,21.156009674072266,19.397436141967773,6394.106966777913,2295.2030915918053,1291.9921875,10314.404296875,0.021517399698495865,0.025515224784612656,7.566540716652526e-06,0.08305612951517105,0.19162431735436894,0.23165652991006017,0.0283203125,0.8564453125,3385.031435512902,2068.439637996633,1052.3251106764073,8757.2254451365,2725.708574857088,485.4417928070993,1712.8792182606185,3743.4743584862567,0.5151281356811523,0.5132454037666321,0.4289257228374481,0.4252072274684906,0.4523935317993164,0.42306503653526306,0.4510398507118225,0.3830969035625458,0.3568025529384613,0.3273063600063324,0.3390005826950073,0.4143998622894287,0.3954223096370697,0.33358660340309143,0.2981427013874054,0.31196969747543335,0.32943329215049744,0.3067905604839325,0.3220329284667969,0.2872319519519806,0.30035704374313354,0.2879265248775482,0.3079434931278229,0.3428492248058319,0.002766278339549899,0.01284928247332573,0.006095033138990402,0.001290603424422443,0.008272374980151653,0.018942896276712418,0.015935225412249565,0.005456142593175173,0.0020839080680161715,0.003963878378272057,0.004311042372137308,0.0012094555422663689,1.0,1.0,1.0,1.0,1.0,1.0,1.0,1.0,1.0,1.0,1.0,1.0,2.389342403628118,22050.0
kelia,audio_ke1,pitch_shift_down,-419.469482421875,65.24752807617188,16.925291061401367,22.654953002929688,-0.8106708526611328,25.535938262939453,0.36373668909072876,8.462278366088867,-4.268154621124268,9.80228328704834,-17.55779266357422,11.885287284851074,-17.830148696899414,128.7626953125,53.70132827758789,23.915369033813477,21.248741149902344,18.75020980834961,24.88753890991211,17.950990676879883,13.040630340576172,15.873564720153809,11.903949737548828,22.693965911865234,10.751930236816406,16.510339736938477,-658.9259033203125,-54.50661087036133,-38.869483947753906,-14.107110977172852,-32.56243896484375,-27.058948516845703,-39.50248336791992,-18.437355041503906,-53.30282211303711,-20.536712646484375,-70.06036376953125,-4.711758613586426,-50.052894592285156,-222.29164123535156,167.95956420898438,59.037742614746094,85.48748016357422,36.081199645996094,73.20558166503906,32.126956939697266,38.5732421875,29.306570053100586,34.307823181152344,14.88825798034668,42.92839813232422,14.092065811157227,5454.6948479217235,1922.8758546735048,1087.4267578125,8516.3818359375,0.020922400057315826,0.02437422424554825,4.818294655706268e-06,0.0820889100432396,0.1611422936893204,0.19131976274633444,0.0234375,0.71533203125,2893.1005433608757,1702.9702682349634,1026.4755932355613,7292.969940227394,2393.8877950120577,380.4312066384894,1622.3901644448904,3177.634892989194,0.5474141240119934,0.49001315236091614,0.45123523473739624,0.3935900926589966,0.38733479380607605,0.3418416976928711,0.3437449038028717,0.3728805184364319,0.47284403443336487,0.5043293237686157,0.45079419016838074,0.4543917775154114,0.3484892249107361,0.24975433945655823,0.2774222493171692,0.2715512216091156,0.3045055866241455,0.2893947958946228,0.31895166635513306,0.29886460304260254,0.3536500632762909,0.350191593170166,0.30977949500083923,0.2835366129875183,0.013227120973169804,0.08295873552560806,0.04161650314927101,0.011723313480615616,0.00407050596550107,0.0031213373877108097,0.004929930437356234,0.0019764630123972893,0.005761357024312019,0.017991038039326668,0.0054445089772343636,0.0031010950915515423,1.0,1.0,1.0,1.0,1.0,1.0,1.0,1.0,1.0,1.0,1.0,1.0,2.389342403628118,22050.0
kelia,audio_ke2,original,-344.2102355957031,71.13260650634766,14.369840621948242,15.001945495605469,2.0847485065460205,14.057828903198242,6.11136531829834,-14.171106338500977,-1.1868534088134766,-0.6304290294647217,-14.361969947814941,0.5992419123649597,-11.353873252868652,146.94412231445312,53.640262603759766,27.937755584716797,27.369247436523438,20.574378967285156,11.249083518981934,10.71909236907959,18.60663414001465,8.685505867004395,14.180997848510742,11.917905807495117,9.631848335266113,10.476173400878906,-634.624755859375,-71.88766479492188,-49.53591537475586,-54.65027618408203,-52.45359802246094,-12.018369674682617,-26.984195709228516,-51.47774124145508,-20.358570098876953,-31.120162963867188,-37.615264892578125,-19.274585723876953,-34.67610549926758,-145.88848876953125,161.0419921875,111.60950469970703,78.93560028076172,38.18470001220703,37.603187561035156,30.183439254760742,13.122142791748047,12.280048370361328,26.128032684326172,11.483687400817871,23.09622573852539,9.373420715332031,5567.320769423739,2465.326607452869,1453.4912109375,9840.673828125,0.03748726099729538,0.04074133560061455,1.8148854223909439e-06,0.15285828709602356,0.13963947821100917,0.12022634256122126,0.025390625,0.55615234375,2857.892202427724,1647.917629735945,1075.4915861432712,7044.5192016142655,2564.12203810002,514.6002855837247,1723.6819164462647,3788.5428532929627,0.41750404238700867,0.40823832154273987,0.47814998030662537,0.48662734031677246,0.4540959298610687,0.4404619634151459,0.39813414216041565,0.3156075179576874,0.33406320214271545,0.4035114645957947,0.4238664209842682,0.4484940767288208,0.3510691523551941,0.29066383838653564,0.33054861426353455,0.3073378801345825,0.3221791684627533,0.3272175192832947,0.327527791261673,0.2806694209575653,0.2898603081703186,0.3098233938217163,0.34523287415504456,0.36604470014572144,0.0036236117593944073,0.005316100083291531,0.002919180551543832,0.0012900184374302626,0.013727824203670025,0.003885279642418027,0.00269152014516294,0.006859518587589264,0.006650073919445276,0.0021833600476384163,0.005261018872261047,0.0023819860070943832,1.0,0.9751520752906799,1.0,1.0,1.0,1.0,1.0,1.0,1.0,1.0,1.0,1.0,2.5173696145124715,22050.0
kelia,audio_ke2,pitch_shift_up,-367.82806396484375,67.03955841064453,14.747214317321777,10.89683723449707,2.735868453979492,14.337397575378418,-4.015659332275391,-14.770075798034668,3.1904571056365967,-11.572798728942871,-8.2879056930542,-1.3872132301330566,-6.439755916595459,145.82254028320312,47.359745025634766,30.66555404663086,29.112218856811523,18.960371017456055,9.277920722961426,10.70770263671875,18.627416610717773,8.380277633666992,15.629175186157227,9.847288131713867,9.168705940246582,7.855029106140137,-646.6421508789062,-58.40934753417969,-68.90596008300781,-55.692832946777344,-37.641685485839844,-2.414734363555908,-29.397890090942383,-55.959686279296875,-18.335634231567383,-53.64617156982422,-29.204116821289062,-20.59554100036621,-28.235240936279297,-180.04412841796875,145.3428192138672,101.99052429199219,81.77444458007812,37.56926727294922,42.816078186035156,15.532740592956543,12.89548110961914,21.50986099243164,10.782722473144531,12.409473419189453,19.649681091308594,11.877372741699219,6107.1324899655965,2491.2088175653457,1722.65625,9549.9755859375,0.025436650961637497,0.026849841699004173,9.558425517752767e-06,0.1066940501332283,0.16937087872706422,0.14696400330026455,0.02880859375,0.603515625,3029.2012326488903,1597.282068180982,1184.2862471478325,7066.32413598219,2710.0503848421813,579.7214720030903,1719.0061058055735,3843.401847087961,0.4380013644695282,0.4339507222175598,0.3804892897605896,0.3515625,0.4646565616130829,0.4112466275691986,0.4225120544433594,0.4013252258300781,0.32599276304244995,0.23201453685760498,0.2619965970516205,0.37381792068481445,0.358277291059494,0.3489440977573395,0.3139920234680176,0.277762234210968,0.3746418356895447,0.28298327326774597,0.3542267680168152,0.31774231791496277,0.2934357821941376,0.20575562119483948,0.2258162647485733,0.2941741645336151,0.0037125858943909407,0.0018145458307117224,0.005594510119408369,0.006124525330960751,0.002534135477617383,0.0018101480090990663,0.017074381932616234,0.0032973771449178457,0.0022708894684910774,0.0037674333434551954,0.0033041522838175297,0.003058791859075427,1.0,1.0,1.0,1.0,1.0,1.0,1.0,1.0,1.0,1.0,0.9102708697319031,1.0,2.5173696145124715,22050.0
kelia,audio_ke2,pitch_shift_down,-374.1653747558594,79.57438659667969,8.462027549743652,25.727846145629883,-8.545305252075195,21.00164031982422,4.633441925048828,2.66981840133667,-18.023521423339844,14.808248519897461,-19.754192352294922,4.767310619354248,-13.367687225341797,139.86428833007812,50.4442138671875,23.463939666748047,24.180927276611328,26.588422775268555,13.741211891174316,14.912992477416992,13.851568222045898,16.836273193359375,11.324649810791016,14.52146053314209,11.040360450744629,11.372644424438477,-652.5755615234375,-39.85240936279297,-45.9493293762207,-30.268123626708984,-73.33113098144531,-10.449663162231445,-33.67780303955078,-33.71507263183594,-56.513526916503906,-2.505716323852539,-49.58738708496094,-17.274776458740234,-40.748321533203125,-196.2746124267578,168.26455688476562,78.7022476196289,82.04621887207031,41.56242370605469,62.62690353393555,45.442962646484375,23.529932022094727,12.482810974121094,38.44061279296875,11.093297958374023,26.993465423583984,11.288287162780762,5162.931165782684,2180.2884934362023,1453.4912109375,8688.6474609375,0.026122543960809708,0.026836134493350983,5.738076197303599e-06,0.10248581320047379,0.13906608371559634,0.11791121921031222,0.017578125,0.49267578125,2599.8183534169425,1392.4281044716943,920.8124415239477,5850.344140007412,2345.62042716675,488.5793826517149,1523.6146374920957,3436.1420852796473,0.48117104172706604,0.5009158253669739,0.5043105483055115,0.455241322517395,0.3659699559211731,0.28292128443717957,0.3267973065376282,0.38685905933380127,0.43652939796447754,0.500798761844635,0.44418051838874817,0.4033113420009613,0.3332473337650299,0.3042012155056,0.33865901827812195,0.31583404541015625,0.2959226369857788,0.2542952001094818,0.2879786789417267,0.30259081721305847,0.341210275888443,0.3715323507785797,0.33068063855171204,0.2743724286556244,0.002022144617512822,0.005525205284357071,0.03384578227996826,0.005882502533495426,0.0026569897308945656,0.007121788337826729,0.007870950736105442,0.002522869501262903,0.002798409666866064,0.0016214379575103521,0.0028931668493896723,0.003432528581470251,1.0,1.0,1.0,1.0,1.0,1.0,1.0,0.9359339475631714,1.0,1.0,1.0,0.9905487895011902,2.5173696145124715,22050.0
stecie,audio_ste1,original,-488.0406188964844,52.545570373535156,24.069896697998047,15.697001457214355,6.365410327911377,-8.68961238861084,1.8799920082092285,-3.7875471115112305,-3.043520927429199,-0.699141263961792,-2.126340389251709,-0.92514967918396,-3.795470714569092,151.00645446777344,59.66268539428711,40.232444763183594,19.700708389282227,16.412275314331055,29.220497131347656,10.640777587890625,13.918573379516602,13.272597312927246,13.245773315429688,8.657188415527344,5.035430908203125,8.487101554870605,-668.2387084960938,-90.03785705566406,-53.270111083984375,-20.539222717285156,-62.9024658203125,-85.87887573242188,-33.49598693847656,-41.81317901611328,-41.890499114990234,-41.28107452392578,-29.383975982666016,-17.160409927368164,-32.54610824584961,-202.1926727294922,193.3504638671875,123.28361511230469,79.61138916015625,26.962902069091797,37.15655517578125,25.462047576904297,24.64386558532715,22.891643524169922,20.46639633178711,17.581192016601562,15.34518051147461,8.688730239868164,6377.610985008446,3137.4921689755024,0.0,10034.47265625,0.01958220638334751,0.027353718876838684,0.0,0.09155405312776566,0.18540171030405406,0.18088853711178457,0.0,0.71875,3263.3934548066395,1982.3410334209489,0.0,7840.453169595661,2714.5857085685707,898.9979345282896,0.0,3820.527236758717,0.3893602788448334,0.3459327220916748,0.3956066966056824,0.4627474844455719,0.408542662858963,0.3623705804347992,0.38043949007987976,0.41900134086608887,0.4106048345565796,0.4213015139102936,0.4896613359451294,0.4512401521205902,0.31936976313591003,0.2988930642604828,0.2801395654678345,0.3282243013381958,0.29646968841552734,0.30623936653137207,0.29521283507347107,0.32271748781204224,0.28284507989883423,0.29021263122558594,0.36230576038360596,0.33820807933807373,0.0,0.0,0.0,0.0,0.0,0.0,0.0,0.0,0.0,0.0,0.0,0.0,1.0,1.0,1.0,1.0,1.0,1.0,1.0,1.0,1.0,1.0,1.0,1.0,2.56,22050.0
stecie,audio_ste1,pitch_shift_up,-518.34130859375,58.97067642211914,21.050453186035156,14.681534767150879,-2.1606838703155518,-10.105467796325684,1.1807047128677368,-5.99430513381958,-2.003969669342041,-1.1779818534851074,-1.7903783321380615,-2.7981512546539307,-4.11253023147583,159.56747436523438,54.97980499267578,44.76104736328125,18.87685775756836,22.72349739074707,26.36491584777832,9.099837303161621,17.167163848876953,12.772964477539062,10.787821769714355,7.111259937286377,6.89863920211792,7.470824241638184,-726.9923095703125,-70.42283630371094,-58.377323150634766,-36.881927490234375,-66.95446014404297,-81.28166198730469,-26.789182662963867,-43.61753845214844,-37.84041213989258,-29.33681297302246,-26.740812301635742,-24.12254524230957,-24.53644561767578,-230.09423828125,180.80596923828125,134.16981506347656,71.48037719726562,26.101299285888672,27.09341812133789,20.140626907348633,30.864063262939453,18.570419311523438,20.33949089050293,12.64406967163086,9.735687255859375,11.858194351196289,6516.994826858108,2718.7169830542025,1313.525390625,9905.2734375,0.012439288198947906,0.016684511676430702,8.74422468979095e-18,0.054826974868774414,0.18219489020270271,0.17295686226856793,0.0,0.74755859375,3287.9425077921114,1791.0008692317463,862.9171950936146,7845.575099095524,2797.4342312752933,730.89558194108,1090.2738513592096,3913.2328207136547,0.5245814919471741,0.4304666519165039,0.353168785572052,0.3286307752132416,0.36711937189102173,0.3633916974067688,0.3152672350406647,0.34603607654571533,0.3864319920539856,0.42499157786369324,0.43619662523269653,0.48386135697364807,0.37096771597862244,0.3120652139186859,0.3035268187522888,0.292347252368927,0.2887217402458191,0.2968027591705322,0.2843393385410309,0.30523934960365295,0.2898443043231964,0.3282596170902252,0.31805992126464844,0.30634981393814087,0.0031936841551214457,0.004628172609955072,0.0017702520126476884,0.0022558749187737703,0.0057802884839475155,0.003406285075470805,0.0058648171834647655,0.0013830751413479447,0.0031291090417653322,0.0027649858966469765,0.012867818586528301,0.008843145333230495,1.0,1.0,1.0,1.0,1.0,1.0,1.0,1.0,1.0,1.0,1.0,1.0,2.56,22050.0
stecie,audio_ste1,pitch_shift_down,-513.0106201171875,57.969688415527344,18.059812545776367,22.509422302246094,3.7838757038116455,-1.0368602275848389,-9.010157585144043,5.307839870452881,-13.5669527053833,5.081477165222168,-8.761249542236328,6.5332818031311035,-8.535934448242188,148.6073455810547,61.27488708496094,32.44935989379883,22.344453811645508,16.961711883544922,27.362285614013672,18.78700828552246,11.659860610961914,16.917631149291992,15.323371887207031,14.652144432067871,8.463093757629395,10.29870891571045,-691.4896240234375,-75.19892883300781,-51.42889404296875,-17.264711380004883,-43.65278625488281,-63.70301055908203,-71.60283660888672,-23.028278350830078,-45.87885284423828,-32.666748046875,-50.596580505371094,-6.749207496643066,-32.038917541503906,-245.18441772460938,185.57687377929688,93.91015625,85.7777099609375,26.822933197021484,60.832725524902344,12.612466812133789,46.515987396240234,8.150308609008789,43.18907165527344,12.906845092773438,26.250871658325195,8.739616394042969,5935.210356841216,2561.9342314488435,850.5615234375,9743.7744140625,0.013868400827050209,0.01849334128201008,3.9078148248218884e-16,0.061003029346466064,0.17523138372747749,0.16082397980467472,0.0,0.65185546875,2994.107663278327,1615.069755792624,706.7970665445214,6705.744487698844,2539.590497312877,663.140144899137,1099.8269974801724,3420.736470673448,0.4692577123641968,0.41708534955978394,0.37131166458129883,0.38970160484313965,0.44365066289901733,0.46619781851768494,0.4905907213687897,0.5148743987083435,0.4934099316596985,0.4205017685890198,0.35981664061546326,0.37203627824783325,0.32201826572418213,0.29345279932022095,0.3008762001991272,0.2754315137863159,0.33250221610069275,0.3074723184108734,0.29741179943084717,0.34904032945632935,0.3398805558681488,0.3313566744327545,0.31486785411834717,0.2662874162197113,0.005023186560720205,0.005303950514644384,0.0025092409923672676,0.00378541206009686,0.0037074375431984663,0.00510555412620306,0.007132828235626221,0.0028117813635617495,0.0026618270203471184,0.0023437051568180323,0.0011617217678576708,0.002064470201730728,1.0,1.0,1.0,1.0,1.0,1.0,1.0,1.0,1.0,1.0,1.0,1.0,2.56,22050.0
stecie,audio_ste2,original,-470.7292785644531,64.38363647460938,20.308259963989258,15.536784172058105,10.75956916809082,-6.395084857940674,-1.5925360918045044,-3.720125913619995,2.2478842735290527,-2.4855153560638428,-3.011845111846924,-2.6630330085754395,-5.845178604125977,167.75357055664062,42.86770248413086,27.798492431640625,28.49083709716797,17.79876708984375,18.248451232910156,12.696385383605957,12.100153923034668,6.484649658203125,8.957345962524414,8.91709041595459,7.25061559677124,9.854326248168945,-665.8761596679688,-16.57666778564453,-57.84071350097656,-52.85663604736328,-54.92224884033203,-47.960044860839844,-42.78797149658203,-38.167083740234375,-13.225887298583984,-32.86890411376953,-51.111427307128906,-21.632083892822266,-39.365501403808594,-143.46414184570312,169.27828979492188,89.95387268066406,101.49493408203125,35.989768981933594,17.686630249023438,21.096813201904297,13.927247047424316,23.441213607788086,22.594676971435547,15.241151809692383,18.788433074951172,9.867345809936523,6041.899641170058,2854.312802582317,0.0,10788.134765625,0.01859484799206257,0.024527592584490776,0.0,0.09873794764280319,0.12713102592054262,0.1031001760842582,0.0,0.568359375,2828.3793481534794,1537.775757998496,0.0,10340.650195526632,2810.159090564281,824.2957897149397,0.0,4042.627427785381,0.31605297327041626,0.27448877692222595,0.2946925759315491,0.4392245411872864,0.399614542722702,0.39268165826797485,0.3466057777404785,0.33102747797966003,0.4241327941417694,0.44117841124534607,0.42521607875823975,0.3683198094367981,0.28098705410957336,0.2645355761051178,0.27282652258872986,0.39941972494125366,0.31427815556526184,0.3094692826271057,0.279476523399353,0.2718936800956726,0.33964410424232483,0.330863356590271,0.34017184376716614,0.29928040504455566,0.0,0.0,0.0,0.0,0.0,0.0,0.0,0.0,0.0,0.0,0.0,0.0,1.0,1.0,1.0,1.0,1.0,1.0,1.0,1.0,1.0,1.0,1.0,1.0,2.986666666666667,22050.0
stecie,audio_ste2,pitch_shift_up,-504.56524658203125,69.6633529663086,17.013656616210938,14.80993366241455,2.2946314811706543,-8.249415397644043,-1.3937709331512451,-2.0927908420562744,1.1344761848449707,-4.907731533050537,-2.0714361667633057,-5.36647891998291,-2.399646759033203,183.1040802001953,37.04551315307617,30.94317054748535,30.608243942260742,17.220260620117188,17.721757888793945,12.82796859741211,9.165199279785156,5.582552909851074,10.597271919250488,5.871274948120117,9.261780738830566,5.937726020812988,-742.6642456054688,0.0,-88.06910705566406,-55.98943328857422,-50.48865509033203,-50.15251922607422,-39.26188659667969,-27.58917808532715,-14.436258316040039,-49.773590087890625,-18.84546661376953,-35.012245178222656,-24.742965698242188,-196.66061401367188,158.84226989746094,82.09024047851562,94.320068359375,25.1732234954834,20.32064437866211,26.181425094604492,12.112646102905273,18.023296356201172,16.394079208374023,13.761224746704102,12.558006286621094,10.498802185058594,6229.856127361919,2456.6309022138585,958.2275390625,10271.337890625,0.011817124672234058,0.0141090527176857,9.105521464922473e-19,0.0488920584321022,0.12235041182170543,0.0797761945696994,0.0,0.36181640625,2847.9976451743196,1189.09049702152,765.4078246768198,6766.7098453906765,2906.715137649891,632.6955172244043,1371.1021522554533,3916.6098902341473,0.45927250385284424,0.36744052171707153,0.3410329818725586,0.2908971309661865,0.28704285621643066,0.3566308319568634,0.3145294189453125,0.4203857481479645,0.3698321282863617,0.33668622374534607,0.4222251772880554,0.466227263212204,0.3553043305873871,0.29536327719688416,0.31995147466659546,0.2819407284259796,0.26579421758651733,0.34382256865501404,0.2589421570301056,0.33813560009002686,0.2991831600666046,0.28481337428092957,0.3530397117137909,0.34036508202552795,0.0011199177242815495,0.0028839283622801304,0.0021579358726739883,0.0036476668901741505,0.003482188330963254,0.0024700923822820187,0.0002679979952517897,0.0002948752953670919,0.00029951019678264856,0.0012398078106343746,0.001968931406736374,0.0007309408392757177,1.0,1.0,1.0,1.0,1.0,1.0,1.0,1.0,1.0,1.0,1.0,1.0,2.986666666666667,22050.0
stecie,audio_ste2,pitch_shift_down,-501.6193542480469,69.96856689453125,15.042619705200195,21.51392936706543,6.112740993499756,4.219151496887207,-10.392499923706055,3.582387685775757,-8.39785385131836,8.641350746154785,-9.793036460876465,7.007873058319092,-11.926728248596191,169.65118408203125,41.706565856933594,26.527240753173828,25.337902069091797,22.94523048400879,12.381779670715332,19.14484214782715,11.655739784240723,12.373795509338379,9.805551528930664,13.540058135986328,9.417499542236328,13.38230037689209,-705.7481689453125,0.0,-63.500083923339844,-46.205223083496094,-67.06231689453125,-29.224802017211914,-61.62701416015625,-30.689773559570312,-34.6943359375,-7.800950050354004,-55.95762634277344,-15.612237930297852,-44.272064208984375,-232.58758544921875,154.85330200195312,58.29203796386719,109.28437805175781,39.290279388427734,25.61986541748047,16.88516616821289,32.179527282714844,11.659212112426758,34.0399169921875,10.147586822509766,27.574169158935547,6.974306106567383,5728.082417332849,2244.2580575427996,1259.6923828125,9237.744140625,0.012220450676977634,0.015912625938653946,1.527627361444479e-16,0.05908993259072304,0.1273392078488372,0.09214588618745997,0.0,0.4609375,2669.046344867042,1240.6027749017749,717.1820973200658,7762.373042166258,2644.944988027706,522.6213798786446,1386.7498808438972,3466.0135408781066,0.32066500186920166,0.4365983009338379,0.38824108242988586,0.4451349675655365,0.3818792700767517,0.3486502766609192,0.42226600646972656,0.4623015820980072,0.4215944707393646,0.3388800621032715,0.34074026346206665,0.2779383659362793,0.27785035967826843,0.378111332654953,0.26221171021461487,0.3219677805900574,0.28597745299339294,0.28706052899360657,0.34097927808761597,0.3306449353694916,0.32731902599334717,0.25425127148628235,0.30345314741134644,0.25258907675743103,0.0017532941419631243,0.0038118178490549326,0.0014286189107224345,0.0017284691566601396,0.0015732772881165147,0.001404207432642579,0.0015614817384630442,0.000978721072897315,0.0007243219297379255,0.0010462512727826834,0.0012656335020437837,0.0014296657172963023,1.0,1.0,1.0,1.0,1.0,1.0,1.0,1.0,1.0,1.0,1.0,1.0,2.986666666666667,22050.0
